pattern,category,trial,condition,tgrep_ms,rg_ms,files_matched
RareNeedle,rare,1,cold,00310,02150,1
RareNeedle,rare,2,warm,080,02790,1
RareNeedle,rare,3,warm,0150,01940,1
RareNeedle,rare,4,warm,040,01980,1
RareNeedle,rare,5,warm,040,02030,1
RareNeedle,rare,6,warm,0240,02860,1
RareNeedle,rare,7,warm,050,02200,1
RareNeedle,rare,8,warm,080,03010,1
RareNeedle,rare,9,warm,0160,02390,1
RareNeedle,rare,10,warm,040,02140,1
KeystoneTrigram,rare,1,cold,00220,01610,1
KeystoneTrigram,rare,2,warm,080,03180,1
KeystoneTrigram,rare,3,warm,0130,01950,1
KeystoneTrigram,rare,4,warm,050,03430,1
KeystoneTrigram,rare,5,warm,0140,02010,1
KeystoneTrigram,rare,6,warm,0450,02110,1
KeystoneTrigram,rare,7,warm,0420,01540,1
KeystoneTrigram,rare,8,warm,0230,02240,1
KeystoneTrigram,rare,9,warm,0100,01880,1
KeystoneTrigram,rare,10,warm,050,01860,1
NonexistentXyz123,rare,1,cold,00190,01680,1
NonexistentXyz123,rare,2,warm,050,01510,1
NonexistentXyz123,rare,3,warm,050,01650,1
NonexistentXyz123,rare,4,warm,050,02340,1
NonexistentXyz123,rare,5,warm,040,01730,1
NonexistentXyz123,rare,6,warm,060,01790,1
NonexistentXyz123,rare,7,warm,0230,02120,1
NonexistentXyz123,rare,8,warm,080,02030,1
NonexistentXyz123,rare,9,warm,0140,02270,1
NonexistentXyz123,rare,10,warm,090,02030,1
QihseOptimization,rare,1,cold,00270,02710,1
QihseOptimization,rare,2,warm,0100,01830,1
QihseOptimization,rare,3,warm,0130,01710,1
QihseOptimization,rare,4,warm,040,01730,1
QihseOptimization,rare,5,warm,050,02740,1
QihseOptimization,rare,6,warm,040,01910,1
QihseOptimization,rare,7,warm,060,01970,1
QihseOptimization,rare,8,warm,040,01620,1
QihseOptimization,rare,9,warm,080,01630,1
QihseOptimization,rare,10,warm,040,01660,1
DsmilHashIndex,rare,1,cold,00170,01670,1
DsmilHashIndex,rare,2,warm,0100,01680,1
DsmilHashIndex,rare,3,warm,0110,01390,1
DsmilHashIndex,rare,4,warm,050,01630,1
DsmilHashIndex,rare,5,warm,040,01720,1
DsmilHashIndex,rare,6,warm,0110,01790,1
DsmilHashIndex,rare,7,warm,040,01760,1
DsmilHashIndex,rare,8,warm,050,01510,1
DsmilHashIndex,rare,9,warm,0100,01430,1
DsmilHashIndex,rare,10,warm,040,02070,1
TgrepSegmentWriter,rare,1,cold,00260,01420,1
TgrepSegmentWriter,rare,2,warm,070,01860,1
TgrepSegmentWriter,rare,3,warm,070,01520,1
TgrepSegmentWriter,rare,4,warm,090,01740,1
TgrepSegmentWriter,rare,5,warm,040,01970,1
TgrepSegmentWriter,rare,6,warm,0150,01580,1
TgrepSegmentWriter,rare,7,warm,060,01880,1
TgrepSegmentWriter,rare,8,warm,090,02160,1
TgrepSegmentWriter,rare,9,warm,0120,02120,1
TgrepSegmentWriter,rare,10,warm,060,02660,1
AtomicWriteFsync,rare,1,cold,00200,02560,1
AtomicWriteFsync,rare,2,warm,060,02150,1
AtomicWriteFsync,rare,3,warm,060,01800,1
AtomicWriteFsync,rare,4,warm,040,01580,1
AtomicWriteFsync,rare,5,warm,060,01560,1
AtomicWriteFsync,rare,6,warm,050,02500,1
AtomicWriteFsync,rare,7,warm,070,02040,1
AtomicWriteFsync,rare,8,warm,040,01870,1
AtomicWriteFsync,rare,9,warm,0220,01970,1
AtomicWriteFsync,rare,10,warm,040,01640,1
WalCheckpointReplay,rare,1,cold,00200,02170,1
WalCheckpointReplay,rare,2,warm,060,01770,1
WalCheckpointReplay,rare,3,warm,060,02240,1
WalCheckpointReplay,rare,4,warm,050,02350,1
WalCheckpointReplay,rare,5,warm,080,01950,1
WalCheckpointReplay,rare,6,warm,0370,02450,1
WalCheckpointReplay,rare,7,warm,060,02300,1
WalCheckpointReplay,rare,8,warm,0120,02180,1
WalCheckpointReplay,rare,9,warm,040,01950,1
WalCheckpointReplay,rare,10,warm,040,02130,1
Struct,broad,1,cold,0870,2080,238
Struct,broad,2,warm,40,1850,238
Struct,broad,3,warm,80,2040,238
Struct,broad,4,warm,70,2070,238
Struct,broad,5,warm,110,1750,238
Struct,broad,6,warm,80,2110,238
Struct,broad,7,warm,50,1720,238
Struct,broad,8,warm,50,2200,238
Struct,broad,9,warm,50,1650,238
Struct,broad,10,warm,50,1600,238
FnMain,broad,1,cold,00240,01710,1
FnMain,broad,2,warm,080,01530,1
FnMain,broad,3,warm,0170,01560,1
FnMain,broad,4,warm,060,01870,1
FnMain,broad,5,warm,050,03860,1
FnMain,broad,6,warm,070,03580,1
FnMain,broad,7,warm,040,01980,1
FnMain,broad,8,warm,070,02150,1
FnMain,broad,9,warm,060,02300,1
FnMain,broad,10,warm,0120,01980,1
Return,broad,1,cold,0570,3060,1357
Return,broad,2,warm,50,2990,1357
Return,broad,3,warm,90,3070,1357
Return,broad,4,warm,80,2950,1357
Return,broad,5,warm,130,2800,1357
Return,broad,6,warm,80,2310,1357
Return,broad,7,warm,150,2180,1357
Return,broad,8,warm,50,2170,1357
Return,broad,9,warm,70,1980,1357
Return,broad,10,warm,40,2190,1357
UseStd,broad,1,cold,00310,02590,1
UseStd,broad,2,warm,050,02120,1
UseStd,broad,3,warm,050,01740,1
UseStd,broad,4,warm,050,02620,1
UseStd,broad,5,warm,0100,02470,1
UseStd,broad,6,warm,0300,01920,1
UseStd,broad,7,warm,070,02560,1
UseStd,broad,8,warm,0110,02200,1
UseStd,broad,9,warm,080,02040,1
UseStd,broad,10,warm,050,01740,1
WordStruct,word,1,cold,0430,2070,77
WordStruct,word,2,warm,60,1880,77
WordStruct,word,3,warm,60,2410,77
WordStruct,word,4,warm,100,2010,77
WordStruct,word,5,warm,100,2090,77
WordStruct,word,6,warm,60,2930,77
WordStruct,word,7,warm,400,2930,77
WordStruct,word,8,warm,140,2540,77
WordStruct,word,9,warm,50,3670,77
WordStruct,word,10,warm,170,3050,77
WordMain,word,1,cold,0380,2780,243
WordMain,word,2,warm,70,2340,243
WordMain,word,3,warm,250,2220,243
WordMain,word,4,warm,50,2960,243
WordMain,word,5,warm,60,2180,243
WordMain,word,6,warm,40,2440,243
WordMain,word,7,warm,40,2320,243
WordMain,word,8,warm,60,1540,243
WordMain,word,9,warm,50,1920,243
WordMain,word,10,warm,120,1950,243
WordReturn,word,1,cold,0260,2790,420
WordReturn,word,2,warm,90,2120,420
WordReturn,word,3,warm,40,2200,420
WordReturn,word,4,warm,60,2230,420
WordReturn,word,5,warm,90,2900,420
WordReturn,word,6,warm,260,2400,420
WordReturn,word,7,warm,70,2960,420
WordReturn,word,8,warm,100,2080,420
WordReturn,word,9,warm,90,2820,420
WordReturn,word,10,warm,150,2740,420
WordTerminal,word,1,cold,0520,2330,679
WordTerminal,word,2,warm,60,2560,679
WordTerminal,word,3,warm,70,1720,679
WordTerminal,word,4,warm,60,2670,679
WordTerminal,word,5,warm,50,2230,679
WordTerminal,word,6,warm,110,2320,679
WordTerminal,word,7,warm,90,2200,679
WordTerminal,word,8,warm,70,1700,679
WordTerminal,word,9,warm,100,1670,679
WordTerminal,word,10,warm,60,1530,679
WordNonexistent,word,1,cold,001690,02240,1
WordNonexistent,word,2,warm,090,02080,1
WordNonexistent,word,3,warm,060,02010,1
WordNonexistent,word,4,warm,040,02090,1
WordNonexistent,word,5,warm,0110,02050,1
WordNonexistent,word,6,warm,040,02840,1
WordNonexistent,word,7,warm,0100,02370,1
WordNonexistent,word,8,warm,080,02820,1
WordNonexistent,word,9,warm,050,02010,1
WordNonexistent,word,10,warm,050,02400,1
CITerminal,caseinsensitive,1,cold,2630,2350,2011
CITerminal,caseinsensitive,2,warm,70,2440,2011
CITerminal,caseinsensitive,3,warm,100,2030,2011
CITerminal,caseinsensitive,4,warm,60,1810,2011
CITerminal,caseinsensitive,5,warm,90,2120,2011
CITerminal,caseinsensitive,6,warm,50,1950,2011
CITerminal,caseinsensitive,7,warm,160,3140,2011
CITerminal,caseinsensitive,8,warm,60,2400,2011
CITerminal,caseinsensitive,9,warm,80,3150,2011
CITerminal,caseinsensitive,10,warm,120,2410,2011
CIStruct,caseinsensitive,1,cold,3170,2850,4698
CIStruct,caseinsensitive,2,warm,270,2830,4698
CIStruct,caseinsensitive,3,warm,70,3410,4698
CIStruct,caseinsensitive,4,warm,50,3010,4698
CIStruct,caseinsensitive,5,warm,80,3720,4698
CIStruct,caseinsensitive,6,warm,180,2180,4698
CIStruct,caseinsensitive,7,warm,250,3010,4698
CIStruct,caseinsensitive,8,warm,200,2590,4698
CIStruct,caseinsensitive,9,warm,80,2960,4698
CIStruct,caseinsensitive,10,warm,70,3250,4698
